Area,PDP,PSNR,Label
4375804,928.5500961015732,38.68142575357356,set2
4330031,926.0853340154816,28.00410960546472,set1
4361618,927.7911584870824,38.64438677696359,set2
4362755,928.5410753438252,38.652587757457766,set2
4374138,923.6655355568432,28.06293798433645,set1
4376653,926.3880686376168,38.63655859585932,set2
4363373,929.8085246140412,38.66663220547329,set2
4330031,840.085334,34.004110,set1
4321618,845.791158,33.644387,set2
4331618,846.791158,34.644387,set2

