area,pdp,cnn,ssim,psnr
6463336.473123412,1100.40,93.100,1,45
4_320_795.4191733935,854.4643497,92.1612,0.89,36.6
4_320_795.4191733935,854.4643497,92.1612,0.89,36.6
4_320_795.4191733935,854.4643497,92.1612,0.89,36.6
4321725.4191738935,853.4643497,91.5412,0.88,36.6
2733210.33355500,75.042,0.169,5.77