{
  "timestamp": "2025-06-13T09:40:11.349582",
  "individual_results": {
    "64": {
      "reconstruction": {
        "exact_matches": [
          10.302734375,
          100.0,
          9.9609375,
          100.0,
          100.0
        ],
        "mse_scores": [
          17.95263671875,
          0.0,
          17.83251953125,
          0.0,
          0.0
        ],
        "ce_scores": [
          2.3042364778229967,
          1.1232732703564396e-05,
          2.3040722078294493,
          1.644523105128956e-05,
          9.67335433663466e-06
        ]
      },
      "exploration": [
        