{
  "timestamp": "2025-06-20T03:29:18.706711",
  "latent_dim": 64,
  "generations": 10,
  "population": 3,
  "final_solutions_count": 3,
  "objective_names": [
    "Power",
    "Area",
    "Delay",
    "SSIM_Loss",
    "PSNR_Loss"
  ],
  "objective_ranges": {
    "obj_0": [
      244.89415664744428,
      250.92955143207712
    ],
    "obj_1": [
      94.55420275534924,
      132.44865805409563
    ],
    "obj_2": [
      23.991304811650828,
      28.716654412369028
    ],
    "obj_3": [
      0.10861812276879858,
      0.24118713243775763
    ],
    "obj_4": [
      5.006017059690893,
      7.588184979491155
    ]
  }
}